movie_id,title,release_date,video_release,imdb_url
0,0,0,0,0
0,0,1,0,0
0,0,1,0,0
0,0,0,0,0
0,0,1,0,0
0,0,0,0,0
0,1,0,0,0
0,0,0,0,0
0,0,0,0,0
0,0,0,1,0
0,0,1,0,0
0,0,1,0,0
0,0,0,0,0
1,0,0,0,0
0,0,0,0,0
1,0,0,0,0
0,0,1,0,0
0,0,0,0,0
0,0,0,0,0
1,0,0,0,0
0,0,1,0,0
0,0,0,1,0
0,0,1,0,0
0,0,0,0,0
0,0,0,0,0
0,0,0,0,0
0,0,0,0,0
0,0,1,0,0
0,0,0,0,0
0,0,0,0,0
0,0,1,1,0
0,0,0,0,0
1,0,1,0,0
0,0,0,0,0
0,0,0,0,0
1,0,0,0,0
0,0,0,0,0
0,1,1,0,0
0,1,0,0,0
0,0,0,0,0
0,0,0,0,0
0,0,0,0,0
0,0,1,0,0
0,0,1,0,0
0,0,0,0,0
0,0,0,0,0
0,0,0,0,0
0,0,0,0,0
1,0,0,0,0
1,1,0,1,0
1,0,0,1,1
0,0,0,0,0
0,0,1,0,0
0,0,1,0,0
1,0,1,0,0
0,0,0,0,0
0,0,0,0,0
0,0,0,0,0
0,0,0,0,0
0,0,0,0,0
0,0,0,0,0
0,1,0,0,0
0,0,0,0,0
0,0,0,0,0
0,0,0,0,0
1,0,0,0,0
0,0,0,0,0
1,0,1,0,0
1,0,0,1,0
1,0,0,0,0
0,0,0,0,0
0,0,0,0,0
0,0,0,0,1
0,0,0,0,0
0,0,0,0,0
0,0,0,0,0
0,0,1,0,0
0,0,0,0,0
0,0,1,0,0
0,0,0,1,0
1,0,0,0,0
0,1,0,0,0
1,0,0,0,0
0,1,0,0,0
0,0,0,0,0
0,0,0,0,0
0,0,0,0,0
1,0,0,0,0
0,1,0,0,0
1,0,1,0,0
0,0,0,0,0
1,0,0,0,0
0,0,0,0,0
0,0,0,0,0
0,0,0,0,0
0,1,1,0,0
0,0,0,0,1
0,0,1,0,0
0,0,0,0,0
0,0,1,0,0
0,1,0,0,0
0,0,0,0,0
0,0,0,0,0
0,0,0,0,0
0,0,0,0,0
0,0,1,0,0
0,0,0,0,0
0,0,0,0,0
0,1,0,0,0
0,0,0,1,0
1,0,0,0,0
0,0,0,0,0
0,0,0,0,0
0,0,0,0,0
0,0,0,0,0
0,0,0,0,0
0,0,1,0,0
0,0,1,0,0
0,0,0,0,0
0,0,0,0,0
0,1,0,1,0
0,0,0,0,0
0,0,0,0,0
0,0,0,0,0
1,0,0,0,0
0,0,0,0,0
0,0,0,0,0
0,0,1,0,0
1,0,1,0,0
0,0,0,0,0
1,0,0,0,0
0,0,0,0,0
1,0,0,1,0
0,0,0,0,0
0,1,1,0,0
0,0,0,0,0
0,0,0,0,0
0,0,0,0,0
0,0,0,0,0
0,0,0,0,0
0,1,0,0,0
0,0,0,0,0
0,0,0,0,0
0,0,1,0,0
0,1,1,0,0
0,0,0,0,0
0,0,1,0,0
0,0,0,0,0
0,0,0,0,0
0,0,0,0,0
0,0,0,0,0
0,1,0,0,0
0,0,0,0,0
0,0,0,0,0
1,0,0,0,0
0,0,1,0,0
0,0,0,1,0
0,0,0,0,0
0,0,1,0,0
0,0,0,0,0
1,0,0,0,0
0,0,0,0,0
0,0,0,0,0
0,1,1,0,0
0,0,0,0,0
0,0,0,0,0
0,0,0,0,0
0,0,0,0,0
0,0,0,0,0
1,0,0,0,0
0,1,0,0,0
1,1,0,1,0
1,0,0,0,0
0,0,0,0,0
0,1,0,0,0
0,1,1,1,0
0,0,0,0,1
0,0,0,0,0
0,1,0,0,0
0,0,0,1,0
1,1,0,1,0
0,0,0,0,0
0,1,1,0,0
0,1,0,0,0
1,0,1,0,0
0,0,0,0,0
0,0,0,0,0
0,0,0,1,0
0,0,0,0,0
0,0,0,1,0
0,0,0,0,0
0,0,0,0,0
0,0,0,0,0
0,0,0,0,0
0,1,1,0,0
0,0,0,0,0
1,0,0,0,0
0,0,1,0,0
0,0,0,1,0
0,0,0,0,0
0,0,0,0,0
1,0,0,0,0
0,0,0,0,1
0,1,0,0,0
0,0,0,1,0
0,1,1,0,0
1,0,0,0,0
0,0,0,0,0
0,0,0,0,0
0,0,0,0,0
0,0,0,1,0
0,0,0,0,0
1,0,0,0,0
0,0,0,1,0
0,0,0,0,0
1,0,0,0,0
1,0,0,0,0
0,0,1,0,0
0,0,0,0,0
1,0,0,0,0
0,0,0,0,0
0,1,0,0,0
0,0,1,0,0
0,0,0,0,0
0,0,0,0,0
0,0,1,0,0
0,1,0,0,0
0,1,0,0,0
0,1,0,0,0
0,1,0,0,0
0,0,0,0,0
0,0,0,0,1
0,0,0,0,0
0,0,0,0,0
0,1,0,1,0
0,0,0,0,0
1,0,0,0,0
0,0,0,0,0
0,1,0,0,0
0,0,0,0,0
1,0,0,1,0
0,0,0,0,0
0,0,0,0,0
0,0,1,0,0
0,0,1,1,0
1,0,0,0,0
0,0,0,0,0
0,0,0,0,0
0,0,0,0,0
0,1,0,0,0
0,0,0,0,0
0,1,1,0,0
1,0,0,0,0
0,0,0,0,0
1,0,0,0,0
1,0,0,0,0
0,1,0,0,0
0,1,0,0,0
0,0,0,0,0
0,1,1,0,0
0,0,0,0,0
0,0,0,0,0
0,0,0,0,0
0,1,1,0,0
0,0,1,0,0
0,0,0,0,0
0,0,0,0,0
1,0,0,0,0
0,0,0,0,0
0,1,1,0,0
0,1,0,1,0
0,0,0,0,0
0,0,1,0,0
1,0,0,0,0
1,0,0,0,0
1,0,0,0,0
0,0,0,0,0
1,0,0,0,0
0,0,0,0,0
1,0,0,0,0
0,0,1,0,0
0,0,0,0,0
1,0,0,0,0
1,0,0,0,0
0,0,0,0,0
1,0,0,1,0
0,0,0,0,0
0,0,1,0,0
0,0,0,0,0
0,0,0,0,0
0,0,1,0,0
0,0,0,0,0
0,0,0,0,0
0,0,0,0,0
0,0,1,0,0
0,0,0,0,0
0,0,0,0,0
0,1,1,0,0
0,0,0,0,0
0,0,1,0,0
0,0,0,0,0
0,0,1,0,0
0,0,0,0,0
0,0,0,0,0
0,0,0,0,0
1,0,0,0,0
0,0,1,0,0
0,0,0,0,0
0,0,0,0,0
0,0,0,0,0
1,0,1,0,0
0,0,0,0,0
1,0,0,0,0
0,0,0,0,0
0,0,1,0,0
0,0,0,0,0
0,0,0,0,0
0,0,0,1,0
1,0,0,0,0
0,0,0,0,0
0,0,0,0,0
0,0,1,0,0
0,0,1,0,0
0,0,0,0,0
0,0,1,0,0
0,0,0,1,0
0,0,0,0,0
1,0,1,0,0
0,0,1,0,0
0,0,0,0,0
0,0,1,0,0
0,0,1,0,0
0,0,1,0,0
0,0,0,0,0
0,0,0,0,0
0,0,1,0,0
0,0,1,0,0
0,0,0,0,0
0,0,0,0,0
0,0,0,0,0
0,0,0,0,0
0,0,0,0,0
0,1,0,0,0
0,0,0,0,0
0,0,0,0,0
0,0,0,0,0
0,0,0,0,0
0,0,1,0,0
0,0,1,0,0
0,0,1,0,0
0,0,0,0,0
0,0,0,0,0
0,1,0,0,0
1,0,0,0,0
0,1,1,0,0
0,0,1,0,0
0,0,0,0,0
0,1,1,0,0
0,0,1,0,0
0,0,0,0,0
0,0,1,0,0
0,0,0,0,0
0,0,0,0,0
0,0,0,0,0
0,0,0,0,0
0,0,0,0,0
0,0,0,0,0
0,0,0,0,0
0,0,0,0,0
0,0,1,0,0
1,0,0,0,0
0,0,0,0,0
0,1,0,0,0
0,0,0,0,0
0,0,0,0,0
0,0,0,0,0
0,0,0,0,0
0,0,0,0,0
0,0,0,0,0
0,1,0,0,0
1,0,0,0,0
0,0,0,0,0
0,0,0,0,0
0,0,0,0,0
1,0,0,0,0
0,0,0,0,0
0,0,0,0,0
0,0,0,0,0
0,0,0,0,0
0,0,0,0,0
0,0,0,0,0
0,0,0,0,0
0,0,0,0,0
1,0,0,0,0
0,0,0,0,0
0,0,0,0,0
0,0,0,0,0
0,1,0,0,0
0,0,0,0,0
0,0,0,0,0
0,0,0,0,0
1,0,1,0,0
0,0,0,0,0
0,0,0,0,0
0,0,0,0,0
0,0,1,0,0
0,0,0,0,0
0,0,1,0,0
0,0,0,0,0
0,0,0,0,0
1,1,0,0,0
0,0,0,0,0
0,0,0,0,0
0,0,0,0,0
0,0,0,0,1
0,0,0,0,0
0,0,0,0,0
0,0,0,0,0
0,0,0,0,0
0,0,0,0,0
1,0,0,0,0
0,0,0,0,0
0,1,0,0,0
0,0,0,0,0
0,0,0,0,0
0,1,1,1,0
0,0,0,0,0
0,0,0,0,0
0,1,0,0,0
0,0,0,1,0
0,0,0,0,0
0,0,0,0,0
0,0,0,0,0
0,1,0,0,0
0,0,0,0,1
0,0,0,0,0
0,0,0,0,0
0,0,0,0,0
0,0,0,0,0
0,0,0,0,0
0,0,0,0,0
0,0,0,0,0
0,0,0,0,0
0,1,0,0,0
0,0,0,0,0
0,0,0,0,0
0,0,0,0,0
0,0,0,0,0
0,1,0,0,0
0,1,0,0,0
1,0,0,0,0
0,0,0,0,0
0,0,0,0,0
0,0,0,0,0
0,0,0,0,0
0,0,0,0,0
0,0,0,0,0
0,0,0,0,0
0,0,0,0,0
0,0,0,0,0
0,0,0,0,0
1,0,0,0,0
0,0,0,0,0
0,0,0,0,0
1,0,0,0,0
0,0,1,0,0
0,0,0,0,0
0,0,0,0,0
0,0,0,0,0
0,0,0,0,1
0,0,0,1,0
0,0,0,0,0
0,0,0,0,0
0,1,0,1,0
0,0,0,0,0
0,0,0,0,0
0,0,0,0,0
1,0,0,0,0
0,0,1,0,0
0,0,1,0,0
0,0,0,0,0
0,0,0,0,0
1,0,0,1,0
0,0,0,0,0
1,0,0,0,0
1,0,0,0,0
1,0,0,0,0
0,0,0,0,0
1,0,1,0,0
1,0,1,0,0
0,0,0,0,0
0,0,0,0,0
0,0,0,0,0
0,0,0,0,0
0,0,0,0,0
0,0,0,0,0
0,0,0,0,0
1,0,0,1,0
0,0,0,0,0
0,0,0,0,0
0,0,0,0,0
0,0,0,1,0
0,0,0,0,0
0,0,0,0,0
0,0,1,0,0
0,0,0,0,0
0,0,0,0,0
0,0,0,0,0
0,0,0,0,0
0,0,0,0,1
0,0,0,1,0
1,0,0,0,0
0,0,1,0,0
1,0,0,0,0
0,0,0,1,0
0,0,0,0,0
1,0,0,0,0
0,0,0,0,0
0,0,0,0,0
0,0,0,1,0
0,0,0,1,0
0,0,0,0,0
0,0,0,0,0
0,0,0,0,0
0,0,0,0,0
0,0,0,0,0
0,0,0,0,0
0,0,0,1,0
0,0,0,0,0
0,0,0,0,0
1,0,0,0,0
1,0,0,0,0
0,0,0,0,0
0,0,0,0,0
1,0,0,0,0
0,0,0,0,0
0,0,0,0,0
0,0,0,0,0
0,0,0,0,0
0,0,0,0,0
0,0,0,0,0
1,0,0,0,0
0,0,0,0,0
1,0,0,0,0
1,0,0,0,0
0,0,1,0,0
0,0,0,0,0
0,0,0,0,0
1,0,0,1,0
0,0,1,0,0
0,0,0,0,0
0,1,0,0,0
1,0,0,0,0
0,0,0,0,0
0,0,0,0,0
0,0,0,0,1
0,0,0,0,0
0,0,1,0,0
0,0,0,0,0
1,1,0,0,0
0,0,0,0,0
0,0,0,0,1
0,0,0,0,0
0,0,0,0,0
0,0,1,0,0
0,0,1,0,0
0,0,0,0,0
1,0,1,0,0
0,0,0,0,0
0,0,0,0,1
0,0,1,0,0
0,0,1,0,0
0,1,1,0,0
1,0,1,0,0
0,0,0,0,1
0,0,0,0,0
0,1,0,0,0
0,1,0,0,0
0,0,0,0,0
1,0,0,0,0
0,0,1,0,0
1,0,0,0,0
0,0,1,0,0
0,0,0,0,0
0,0,0,0,0
0,0,0,0,0
0,0,0,0,0
0,0,0,0,0
0,0,0,0,1
0,1,0,0,0
0,0,1,0,0
0,0,1,0,0
0,0,0,1,0
1,0,0,0,0
0,0,1,0,0
0,0,0,0,0
0,0,1,0,0
0,0,0,0,0
0,0,0,0,0
0,0,0,0,0
0,0,0,1,0
1,0,0,0,0
0,0,1,0,0
0,0,0,0,0
0,0,0,0,0
0,0,0,0,0
1,0,1,0,0
1,0,1,0,0
0,0,0,0,0
0,0,0,0,0
0,0,0,0,0
0,0,0,0,0
0,0,0,0,0
0,0,0,0,0
0,0,1,0,0
0,1,0,0,0
0,0,0,0,0
0,0,0,0,0
0,0,1,0,0
0,0,0,0,0
0,0,0,0,1
0,0,0,0,0
0,0,0,0,0
0,0,0,0,0
0,0,0,0,0
0,0,0,0,0
0,0,0,0,0
0,0,0,0,0
0,0,0,0,0
0,0,0,0,0
1,0,0,1,0
0,0,0,0,0
0,0,0,0,0
0,0,0,0,0
0,0,0,0,0
0,1,1,0,0
0,0,0,0,0
0,0,0,0,0
0,0,0,0,0
0,0,0,0,0
0,0,0,1,0
0,0,0,0,0
1,0,0,0,0
0,0,0,0,0
0,0,0,0,0
0,0,0,0,1
0,0,0,1,0
1,0,0,0,0
0,0,1,0,0
0,0,0,0,0
0,0,0,1,0
0,0,0,0,0
0,0,1,0,0
0,0,1,0,0
0,0,0,0,0
0,0,1,0,0
0,0,1,0,0
0,0,0,0,0
0,0,1,0,0
0,0,0,0,0
0,0,0,0,1
1,0,0,0,0
0,0,0,0,0
0,0,0,0,0
0,1,1,0,0
0,0,0,0,0
0,0,0,0,0
0,0,0,0,0
0,0,0,0,0
0,1,1,0,0
0,0,0,0,0
0,0,0,0,0
0,0,1,0,0
0,0,0,0,0
0,0,0,0,0
0,0,0,0,0
0,0,0,0,0
0,0,1,0,0
0,0,0,0,0
0,0,0,0,0
0,0,0,0,0
0,0,1,0,0
0,0,0,0,0
0,0,1,0,0
0,0,1,0,0
0,0,0,0,0
0,0,0,1,0
0,0,0,0,0
0,0,1,0,0
0,0,0,1,0
0,1,1,0,0
1,0,0,0,0
0,0,0,0,0
1,0,0,0,0
0,0,0,0,0
0,0,1,0,0
0,0,0,0,0
0,0,0,0,0
0,0,0,0,0
0,0,0,0,0
0,0,0,0,0
1,0,0,0,0
0,0,0,0,0
1,0,0,0,0
1,0,0,0,0
0,0,0,0,0
0,0,0,0,0
0,0,0,0,0
1,0,0,0,0
0,0,0,0,0
0,0,0,0,0
0,0,0,0,0
0,0,0,0,0
1,0,0,0,0
0,0,0,0,0
1,0,0,0,0
0,0,1,0,0
0,0,0,0,0
0,0,0,1,0
1,0,0,0,0
0,0,0,0,0
0,0,0,0,0
0,0,0,0,0
1,0,0,0,0
0,0,0,0,0
0,0,0,0,0
1,0,0,0,0
0,1,0,0,0
0,0,0,0,0
1,0,0,0,0
1,0,0,0,0
1,0,0,0,0
1,0,0,0,0
0,0,0,0,0
0,0,0,0,0
1,0,0,0,0
0,0,0,0,0
1,0,0,0,0
1,0,0,0,0
1,0,0,0,0
0,0,1,0,0
0,0,1,0,0
0,0,1,0,0
0,0,0,1,0
0,0,0,0,0
0,0,0,0,0
1,0,0,0,0
1,0,1,0,0
1,0,0,0,0
0,0,0,0,0
1,0,1,0,0
0,0,1,0,0
0,0,0,0,0
0,0,1,0,0
0,1,0,0,0
0,0,0,0,0
0,0,0,0,0
0,1,1,0,0
0,0,0,0,0
0,1,0,0,0
0,0,1,0,0
0,0,0,0,0
0,0,0,0,0
1,0,0,0,0
1,0,0,0,0
0,0,0,0,0
0,0,0,0,0
0,0,0,0,0
0,1,0,0,0
0,0,1,0,0
0,1,1,0,0
0,0,0,0,0
0,0,1,0,0
0,0,0,0,0
1,0,0,0,0
0,0,0,0,0
0,0,0,0,0
1,0,0,0,0
0,0,0,0,0
0,0,0,0,0
1,0,0,0,0
0,0,0,0,0
1,0,0,0,0
0,0,0,0,0
1,0,0,0,0
1,0,0,0,0
0,0,0,0,0
0,0,1,0,0
0,0,0,0,0
0,0,0,0,0
0,0,0,0,0
0,0,0,0,0
0,0,0,0,0
1,0,0,0,0
0,0,0,0,0
1,0,0,0,0
0,1,0,0,0
0,0,0,0,0
0,0,0,0,0
0,0,1,0,0
0,0,0,0,0
0,0,1,0,0
0,0,0,1,0
0,0,0,0,0
0,0,0,0,0
0,0,0,0,0
0,0,0,0,0
0,0,0,0,0
0,0,0,0,0
0,0,0,0,0
0,0,0,0,0
0,0,0,0,0
0,0,0,0,0
0,0,0,0,0
1,0,0,0,0
0,0,0,0,0
0,0,0,0,0
0,0,0,0,0
0,0,0,0,0
0,0,0,0,0
1,0,0,0,0
0,0,0,0,0
0,0,1,0,0
0,0,0,0,0
0,1,1,0,0
0,0,0,0,0
0,0,1,0,0
0,0,0,0,0
0,0,0,0,0
0,0,1,0,0
0,1,1,0,0
0,0,0,0,0
0,0,0,0,0
0,0,1,0,0
1,0,0,0,0
1,0,0,0,0
0,0,0,0,0
0,0,0,0,0
0,0,1,0,0
0,0,0,0,1
0,0,1,0,0
0,0,0,0,0
0,0,0,0,0
0,0,0,0,0
0,0,0,0,0
1,0,0,0,0
0,0,0,0,0
0,0,1,0,0
1,0,0,0,0
0,0,0,0,0
0,0,0,0,0
0,0,1,0,0
0,0,0,0,0
0,0,0,0,0
1,0,1,0,0
0,0,0,0,0
0,0,0,0,0
0,0,0,0,0
0,0,0,0,0
0,0,1,0,0
0,0,0,0,0
0,0,0,0,0
0,0,0,0,0
0,0,0,0,0
0,0,0,0,0
1,0,0,0,0
0,0,0,0,0
0,0,0,0,0
1,0,0,0,0
1,0,0,0,0
0,0,0,0,0
1,0,0,0,0
1,0,0,0,0
0,0,0,0,0
1,0,0,0,0
0,0,0,0,0
1,0,0,0,0
0,0,0,0,0
0,0,1,1,0
0,0,0,0,0
0,0,0,0,0
0,0,0,0,0
0,0,0,0,0
0,0,0,0,0
0,0,0,0,0
1,0,1,0,0
0,0,0,0,0
0,0,0,0,0
1,0,0,0,0
0,0,0,0,0
0,0,0,1,0
0,0,0,0,0
0,0,0,0,0
0,0,0,0,0
0,0,1,0,0
0,0,0,0,0
0,1,0,0,0
0,0,0,0,0
0,0,0,0,0
0,0,0,0,0
0,0,0,0,0
0,0,1,0,0
1,0,0,0,0
0,0,0,0,0
1,0,0,0,0
1,0,0,0,0
0,0,0,0,0
0,0,0,0,0
0,0,0,0,0
0,0,0,0,0
0,0,0,0,0
0,0,1,0,0
0,0,0,0,0
0,0,1,0,0
0,0,0,0,0
0,1,1,0,0
0,0,1,0,0
1,0,0,0,0
0,1,0,0,0
0,0,0,0,0
1,0,0,0,0
0,0,0,0,1
0,0,0,0,0
0,0,0,0,0
0,1,1,0,0
0,0,0,0,0
0,0,0,0,0
0,0,0,0,0
0,0,0,0,0
0,0,1,0,0
0,1,1,0,0
0,0,0,0,0
0,0,0,0,0
0,0,0,0,0
0,0,0,1,0
1,0,0,0,0
0,0,0,0,0
1,0,0,0,0
0,0,1,0,0
0,0,0,0,0
0,0,0,0,0
0,0,0,0,0
0,0,1,0,0
0,0,0,1,0
1,0,1,0,0
0,0,0,0,0
1,0,0,0,0
1,0,0,0,0
1,0,0,0,0
0,0,0,0,0
0,0,0,0,0
0,0,0,0,0
0,0,0,0,0
0,0,0,0,0
1,0,0,0,0
0,0,0,0,0
0,0,0,0,0
0,0,0,0,0
0,0,0,0,0
0,0,0,0,0
0,0,0,0,0
0,0,0,0,0
0,0,1,0,0
0,0,0,0,0
0,0,0,0,0
1,0,0,0,0
0,0,0,0,0
0,0,0,0,0
0,0,0,0,0
0,0,0,0,0
0,0,0,1,0
0,0,0,0,0
0,0,0,0,0
0,0,1,0,0
0,0,1,0,0
0,1,1,0,0
0,0,0,0,0
0,0,1,0,0
0,0,1,0,0
0,0,0,0,0
0,0,0,0,0
0,0,1,0,0
0,0,1,0,0
0,0,1,0,0
0,0,0,0,0
0,0,1,0,0
0,0,1,0,0
1,0,0,0,0
0,0,0,0,0
1,0,0,0,0
0,0,0,0,0
0,0,1,0,0
0,0,0,0,0
0,0,0,0,0
0,0,0,0,0
0,0,0,0,0
0,0,0,0,0
0,0,0,0,0
0,0,0,0,0
0,0,0,0,1
0,0,0,0,0
0,0,0,0,0
0,0,0,0,0
0,0,0,0,1
0,0,0,0,0
0,1,0,0,0
0,0,0,0,0
0,0,0,0,0
0,0,0,0,0
0,0,0,0,0
0,0,0,0,0
0,0,0,0,0
0,0,1,0,0
0,0,0,0,0
0,0,0,0,0
0,0,1,0,0
0,0,0,0,0
0,0,0,0,0
0,0,1,0,0
0,0,1,0,0
0,0,0,0,0
0,0,0,0,0
0,0,0,0,0
1,0,0,0,0
0,0,1,0,0
0,0,0,0,0
0,0,0,0,0
1,0,0,0,0
0,0,0,0,0
0,0,0,0,0
0,0,0,0,0
0,0,0,0,0
0,0,0,0,0
0,0,0,0,0
0,0,0,0,0
0,0,0,0,0
1,0,0,0,0
0,0,1,0,0
0,0,0,0,0
1,0,0,0,0
1,0,0,0,0
0,0,1,0,0
0,0,0,0,0
0,0,0,0,0
0,0,0,0,0
0,0,1,0,0
0,0,0,0,0
1,0,0,0,0
0,0,0,0,0
1,0,0,0,0
0,0,0,0,0
0,0,0,0,0
0,0,0,0,0
0,0,0,0,0
0,0,0,0,0
0,0,0,0,0
0,0,0,0,0
0,0,0,0,0
0,0,0,0,0
0,0,0,0,0
0,0,0,0,0
0,0,0,0,0
0,0,0,0,0
0,0,0,0,0
0,0,0,1,0
0,0,0,0,0
0,0,0,0,0
0,0,0,0,0
0,0,1,0,0
0,0,0,0,0
0,0,0,0,0
1,0,0,0,0
0,0,1,0,0
0,0,0,0,0
0,0,0,0,0
0,0,0,0,0
0,0,1,0,0
0,0,0,0,0
0,0,0,0,0
0,0,0,0,0
0,0,0,0,0
0,0,0,0,0
0,0,1,0,0
0,0,0,0,0
1,0,0,0,0
0,0,0,0,0
0,0,0,0,0
0,0,0,0,0
1,0,1,0,0
0,0,1,0,0
0,0,0,0,0
0,0,0,0,0
0,0,0,0,0
0,0,0,0,0
0,0,0,0,0
1,0,0,0,0
0,0,0,0,0
0,0,0,0,0
0,0,0,0,0
1,0,0,0,0
0,0,0,0,0
1,0,0,0,0
0,0,0,0,0
0,0,0,0,0
0,0,1,0,0
0,0,0,0,0
0,0,0,0,0
0,0,0,0,0
0,0,1,0,0
0,1,0,0,0
0,0,0,0,0
0,0,0,0,0
0,0,0,0,0
0,0,0,0,0
1,0,0,0,0
0,0,0,0,0
0,0,0,0,0
0,0,0,0,0
1,0,0,0,0
0,0,0,0,0
0,0,0,0,0
0,0,0,0,0
0,0,0,0,0
1,0,0,1,0
0,0,1,0,0
0,0,0,0,0
0,0,0,0,0
0,0,0,0,0
1,0,0,0,0
0,0,0,0,0
0,0,1,0,0
1,0,0,0,0
0,0,0,0,0
0,0,0,0,0
0,0,0,0,0
0,0,0,0,0
1,0,0,0,0
0,0,0,0,0
0,0,1,0,0
0,0,0,0,0
0,0,0,0,0
0,0,0,0,0
0,0,1,0,0
0,0,0,0,0
0,0,0,0,0
0,0,0,0,0
0,0,0,0,0
0,0,0,0,0
0,0,0,0,0
0,0,0,0,0
0,0,0,0,0
1,0,0,1,0
0,0,0,0,0
0,1,0,0,0
1,0,0,0,0
0,0,0,0,0
0,0,0,0,0
0,0,0,0,0
0,1,0,0,0
1,0,0,0,0
0,0,0,0,0
0,0,0,0,0
0,0,0,0,0
0,0,0,0,0
0,0,0,0,0
0,0,0,0,0
0,0,0,0,0
0,0,0,0,0
0,0,0,0,0
0,0,0,0,0
0,0,0,0,0
0,0,0,0,0
1,0,0,0,0
0,0,1,0,0
1,0,0,0,0
0,0,0,1,0
0,0,0,0,0
0,0,0,0,0
0,0,0,0,0
0,0,0,0,0
0,0,0,0,0
0,0,0,0,0
0,0,0,0,0
0,0,0,0,0
0,0,0,1,0
0,0,0,0,0
0,0,0,0,0
0,0,0,0,1
0,0,0,0,0
1,0,0,0,0
0,0,0,0,0
0,0,0,0,0
0,0,0,0,0
0,0,0,0,0
0,0,0,0,0
0,0,0,0,0
0,0,0,0,0
0,0,1,0,0
0,0,0,0,0
0,0,0,0,0
0,0,0,0,0
0,0,0,0,0
1,0,0,0,0
0,0,0,1,0
0,0,0,0,0
0,0,0,0,0
0,0,1,0,0
0,0,1,0,0
0,0,0,0,0
0,1,1,0,0
1,0,0,0,0
1,0,0,0,0
0,0,1,0,0
0,0,0,0,0
0,1,0,0,0
1,0,0,0,0
0,0,1,0,0
0,0,0,0,0
1,0,0,0,0
0,0,0,0,0
0,0,0,0,0
0,0,0,0,0
0,0,0,0,0
0,0,0,0,0
0,0,0,0,0
0,0,0,0,0
0,0,0,0,0
0,0,0,0,0
0,0,1,0,0
0,0,0,0,0
0,0,0,0,0
0,0,0,0,0
0,0,0,0,0
0,0,0,0,0
0,0,0,0,0
0,0,0,0,0
0,0,0,0,0
0,0,0,0,0
1,0,0,0,0
0,1,0,0,0
0,0,0,0,0
0,0,0,0,0
0,0,0,0,0
0,0,0,0,0
0,0,0,0,0
0,0,0,0,0
0,0,0,0,1
0,0,1,0,0
0,0,0,0,0
0,0,0,0,0
0,0,0,0,0
0,0,0,0,0
0,0,1,0,0
0,0,0,0,0
0,0,0,0,0
0,0,0,0,0
0,0,0,0,0
1,0,0,0,0
1,0,0,0,0
0,0,0,0,0
0,0,0,0,0
1,0,0,0,0
0,0,0,0,0
0,0,0,0,0
0,0,0,0,0
0,0,0,0,0
0,0,0,0,0
0,0,0,0,0
1,0,0,0,0
0,0,0,0,0
0,0,0,0,0
0,0,0,0,0
0,0,1,0,0
0,1,1,0,0
0,0,1,0,0
0,0,0,0,0
0,0,0,0,0
0,0,0,0,0
0,0,0,0,0
0,0,0,0,0
0,0,0,0,0
0,0,0,0,0
0,0,0,0,0
0,0,0,0,0
0,0,0,0,0
1,0,0,0,0
0,0,0,0,0
0,0,0,0,0
1,0,0,0,0
1,0,0,0,0
0,0,0,0,0
0,0,0,0,0
0,1,0,0,0
0,0,0,0,0
0,0,0,0,0
0,0,0,0,0
1,0,0,0,0
0,0,0,0,0
1,0,0,0,0
1,0,0,0,0
0,0,0,0,0
0,0,0,0,0
0,0,0,0,0
0,0,0,0,0
0,0,0,0,0
0,0,0,0,0
0,0,0,0,0
0,0,0,0,0
0,0,0,0,0
0,0,0,0,0
0,0,0,0,0
0,0,0,0,0
0,0,1,0,0
0,0,1,0,0
1,0,0,0,0
0,0,0,0,0
0,0,0,0,0
0,0,0,0,0
0,0,0,0,0
0,0,0,0,0
0,0,0,0,0
0,0,0,0,0
0,0,0,0,0
0,0,1,0,0
0,0,0,0,0
0,0,0,0,0
0,0,0,0,0
0,0,0,0,0
0,0,0,0,0
0,0,0,0,0
0,0,0,0,0
0,0,0,0,0
0,0,0,0,0
0,0,0,0,0
0,0,0,0,0
0,0,0,0,0
0,0,0,0,0
0,0,0,0,0
0,0,0,0,0
1,0,0,0,0
0,0,0,0,0
0,0,0,0,0
0,0,0,0,0
0,0,0,0,0
0,0,0,0,0
0,0,0,0,0
0,0,0,0,0
0,0,0,0,0
0,0,0,0,0
0,0,0,0,0
0,0,0,0,0
0,0,0,0,0
1,0,0,0,0
0,0,0,0,0
0,0,0,0,0
0,0,0,0,0
1,0,0,1,0
0,0,0,0,0
0,0,0,0,0
0,0,0,0,0
0,0,0,0,0
0,0,0,0,0
0,0,0,0,0
0,0,0,0,0
0,0,0,0,0
0,0,0,0,0
0,0,0,0,0
0,0,0,0,0
0,0,0,0,0
0,0,1,0,0
0,0,0,0,0
0,0,0,0,0
0,0,0,0,0
0,0,0,0,0
0,0,0,0,0
0,0,0,0,0
1,0,0,0,0
0,0,0,0,0
1,0,0,0,0
0,0,0,0,0
0,0,0,0,0
0,0,0,0,0
0,0,0,0,0
0,0,0,0,0
1,0,0,0,0
0,1,0,0,0
1,0,0,0,0
0,0,0,0,0
0,0,0,0,0
0,0,0,0,0
0,0,0,0,0
0,0,0,0,0
0,0,1,0,0
1,0,0,0,0
0,0,0,0,0
0,0,0,0,0
0,0,0,0,0
0,0,0,0,0
0,0,1,0,0
1,0,0,0,0
0,0,0,0,0
0,0,0,0,0
0,0,0,0,0
0,0,0,0,0
0,0,0,0,0
1,0,0,0,0
0,0,0,0,0
0,0,0,0,0
0,0,0,0,0
0,0,0,0,0
0,1,0,0,0
0,0,0,0,0
0,0,0,0,0
0,0,0,0,0
0,0,0,0,0
0,1,0,0,0
0,0,0,0,0
0,0,0,0,0
0,1,0,0,0
0,0,0,0,0
0,0,0,0,0
0,0,1,0,0
0,0,0,1,0
1,0,0,0,0
0,0,0,0,0
0,0,0,0,0
0,0,0,0,0
0,0,0,0,0
1,0,0,0,0
0,0,0,0,0
0,0,1,0,0
0,0,0,0,0
0,0,0,0,0
1,0,0,0,0
0,0,0,0,0
1,0,0,0,0
0,0,0,0,0
0,0,0,0,0
0,0,0,0,0
0,0,0,0,0
1,0,0,0,0
0,0,0,0,0
0,0,0,0,0
0,0,0,0,0
0,0,0,0,0
0,0,0,0,0
0,0,0,0,0
0,0,0,0,0
0,0,0,0,0
1,0,0,0,0
0,0,1,0,0
0,0,0,0,0
0,0,0,0,0
0,0,0,0,1
0,0,0,0,1
0,0,0,0,0
0,0,0,0,0
1,0,0,0,0
0,0,0,0,0
0,0,0,0,0
0,0,0,0,0
1,0,0,0,0
0,0,0,0,0
0,0,0,0,0
0,0,0,0,0
0,0,0,0,0
0,0,0,0,0
0,0,0,0,0
0,0,0,0,0
0,0,0,0,0
0,0,1,0,0
0,1,0,0,0
0,0,0,0,0
1,0,0,0,0
0,0,0,0,0
0,0,0,0,0
0,0,1,0,0
0,0,0,0,0
0,0,0,0,0
0,0,0,0,0
0,0,0,0,0
0,0,0,0,0
1,0,0,0,0
0,0,0,0,0
1,0,0,1,0
0,0,0,0,0
1,0,0,0,0
0,0,0,0,0
0,0,0,0,0
0,0,0,0,0
0,0,1,0,0
0,0,0,0,0
1,0,0,0,0
0,0,0,0,0
0,0,0,0,0
0,0,0,0,0
0,0,0,0,0
0,0,0,0,0
0,0,0,0,0
0,0,0,0,0
0,0,0,1,0
1,0,0,0,0
0,0,0,0,0
0,0,0,0,0
0,0,0,0,0
0,0,0,0,0
0,0,0,0,0
0,0,1,0,0
0,0,0,0,0
0,0,0,0,0
0,0,0,0,0
0,0,0,0,0
0,0,0,0,0
0,0,0,0,0
1,0,0,0,0
0,0,0,0,0
0,0,0,0,0
0,0,0,0,0
0,0,0,0,0
0,0,0,0,0
1,0,0,0,0
0,0,1,0,0
0,0,0,0,0
0,0,0,0,0
1,0,0,0,0
1,0,1,0,0
0,0,0,0,0
0,0,0,0,0
0,0,0,1,0
0,0,0,0,0
0,0,0,0,0
0,0,0,0,0
0,0,0,0,0
0,0,0,0,0
0,0,0,0,0
0,0,0,0,0
0,0,0,0,0
0,0,0,0,0
0,0,0,0,0
0,0,0,0,0
0,0,0,0,0
0,0,0,0,0
0,0,0,0,0
0,0,0,0,0
1,0,0,0,0
0,0,0,0,0
0,0,0,0,0
0,0,1,0,0
0,0,1,0,0
0,0,0,0,0
0,0,0,0,0
0,0,0,0,0
0,0,1,0,0
0,0,0,0,0
0,0,0,0,0
0,0,1,0,0
0,0,0,0,0
0,0,0,0,0
0,0,1,0,0
0,0,0,0,0
0,0,0,0,0
0,0,0,0,0
1,0,0,0,0
0,0,0,0,0
0,0,0,0,0
0,0,0,0,0
0,0,0,0,0
1,0,0,0,0
0,0,0,0,0
0,0,0,0,0
0,0,0,0,0
0,0,0,0,0
0,0,0,0,0
0,0,0,1,0
0,0,0,0,0
0,0,0,0,0
0,0,0,0,0
0,0,0,0,0
0,0,1,0,0
1,0,0,0,0
0,0,0,0,0
0,0,0,0,0
0,0,0,0,0
0,0,0,0,0
0,0,0,0,0
0,0,0,0,0
0,0,0,0,1
0,0,0,0,0
0,0,0,0,0
0,0,0,0,0
0,0,0,0,0
0,0,0,0,0
0,0,0,0,0
0,0,0,0,0
0,0,1,0,0
0,1,1,0,0
0,0,0,0,0
0,0,1,0,0
0,0,0,0,0
0,0,0,0,0
0,0,1,0,0
0,0,0,0,0
0,0,0,0,0
0,0,1,0,0
0,0,0,0,0
0,0,0,0,0
0,0,0,0,0
0,0,0,0,0
0,0,0,0,0
1,0,0,0,0
0,0,0,0,0
1,0,0,0,0
0,0,0,0,0
0,0,0,0,0
0,0,0,0,0
0,0,0,0,0
1,0,0,0,0
0,0,0,0,0
0,0,0,0,0
0,0,0,0,0
0,0,1,0,0
0,0,0,0,0
0,0,0,0,0
0,0,1,0,0
0,0,1,0,0
0,0,0,0,0
0,0,0,0,0
0,0,0,0,0
0,0,0,0,0
0,0,0,0,0
0,0,0,0,0
0,0,0,1,0
0,0,0,0,0
0,0,0,0,0
0,0,0,0,0
0,0,0,0,0
0,0,0,0,0
0,0,0,0,0
0,0,0,0,0
0,0,0,0,0
0,0,0,0,0
0,0,0,0,0
0,0,0,0,0
0,0,0,0,0
0,0,0,0,0
0,0,0,0,0
0,0,0,0,0
0,0,0,0,0
0,0,0,0,0
0,0,0,0,0
0,0,1,0,0
1,0,0,0,0
0,0,0,0,0
0,0,0,0,0
1,0,0,0,0
1,0,0,0,0
0,0,0,0,0
0,0,0,0,0
0,0,0,0,0
0,0,0,0,0
0,0,0,0,0
1,0,0,0,0
0,0,0,1,0
0,0,0,0,0
0,0,0,0,0
0,0,0,0,0
0,0,0,0,0
0,0,0,0,0
0,0,0,0,0
0,0,1,0,0
0,0,0,0,0
0,0,0,0,0
0,0,1,0,0
0,0,0,0,0
0,0,0,0,0
0,0,0,0,0
0,0,0,0,0
0,0,0,0,0
1,0,1,0,0
1,0,0,0,0
0,0,0,0,0
0,0,0,0,0
